paired_data,0.000000
pre_process_modes,1.000000,6.000000,1.000000
pc_used,1.000000,2.000000,
minmaxcutoff,0.010000
edgesfactor,1.000000
smooth_factor,5.000000
number_bins,250000.000000